<?xml version="1.0" encoding="utf-8" ?>
<dwsync>
<file name="about.htm" server="mach-hosting.com" local="129188016000000000" remote="129188016000000000" />
<file name="anchor.htm" server="mach-hosting.com" local="129188016000000000" remote="129188016000000000" />
<file name="charmap.htm" server="mach-hosting.com" local="129188016000000000" remote="129188016000000000" />
<file name="color_picker.htm" server="mach-hosting.com" local="129188016000000000" remote="129188016000000000" />
<file name="editor_template.js" server="mach-hosting.com" local="129188016000000000" remote="129188016000000000" />
<file name="editor_template_src.js" server="mach-hosting.com" local="129188016000000000" remote="129188016000000000" />
<file name="image.htm" server="mach-hosting.com" local="129188016000000000" remote="129188016000000000" />
<file name="link.htm" server="mach-hosting.com" local="129188016000000000" remote="129188016000000000" />
<file name="source_editor.htm" server="mach-hosting.com" local="129188016000000000" remote="129188016000000000" />
</dwsync>