<?xml version="1.0" encoding="utf-8" ?>
<dwsync>
<file name="jquery.tinymce.js" server="mach-hosting.com" local="129188016000000000" remote="129188016000000000" />
<file name="license.txt" server="mach-hosting.com" local="129188016000000000" remote="129188016000000000" />
<file name="tiny_mce.js" server="mach-hosting.com" local="129188016000000000" remote="129188016000000000" />
<file name="tiny_mce_dev.js" server="mach-hosting.com" local="129188016000000000" remote="129188016000000000" />
<file name="tiny_mce_jquery.js" server="mach-hosting.com" local="129188016000000000" remote="129188016000000000" />
<file name="tiny_mce_jquery_src.js" server="mach-hosting.com" local="129188016000000000" remote="129188016000000000" />
<file name="tiny_mce_popup.js" server="mach-hosting.com" local="129188016000000000" remote="129188016000000000" />
<file name="tiny_mce_prototype.js" server="mach-hosting.com" local="129188016000000000" remote="129188016000000000" />
<file name="tiny_mce_prototype_src.js" server="mach-hosting.com" local="129188016000000000" remote="129188016000000000" />
<file name="tiny_mce_src.js" server="mach-hosting.com" local="129188016000000000" remote="129188016000000000" />
</dwsync>