<?xml version="1.0" encoding="utf-8" ?>
<dwsync>
<file name="Button.js" server="mach-hosting.com" local="129188016000000000" remote="129188016000000000" />
<file name="ColorSplitButton.js" server="mach-hosting.com" local="129188016000000000" remote="129188016000000000" />
<file name="Container.js" server="mach-hosting.com" local="129188016000000000" remote="129188016000000000" />
<file name="Control.js" server="mach-hosting.com" local="129188016000000000" remote="129188016000000000" />
<file name="DropMenu.js" server="mach-hosting.com" local="129188016000000000" remote="129188016000000000" />
<file name="ListBox.js" server="mach-hosting.com" local="129188016000000000" remote="129188016000000000" />
<file name="Menu.js" server="mach-hosting.com" local="129188016000000000" remote="129188016000000000" />
<file name="MenuButton.js" server="mach-hosting.com" local="129188016000000000" remote="129188016000000000" />
<file name="MenuItem.js" server="mach-hosting.com" local="129188016000000000" remote="129188016000000000" />
<file name="NativeListBox.js" server="mach-hosting.com" local="129188016000000000" remote="129188016000000000" />
<file name="Separator.js" server="mach-hosting.com" local="129188016000000000" remote="129188016000000000" />
<file name="SplitButton.js" server="mach-hosting.com" local="129188016000000000" remote="129188016000000000" />
<file name="Toolbar.js" server="mach-hosting.com" local="129188016000000000" remote="129188016000000000" />
</dwsync>