<?xml version="1.0" encoding="utf-8" ?>
<dwsync>
<file name="icon layout 1.png" server="mach-hosting.com" local="129195792000000000" remote="129195792000000000" />
<file name="icon layout 2.png" server="mach-hosting.com" local="129195792000000000" remote="129195792000000000" />
<file name="icon.png" server="mach-hosting.com" local="129199248000000000" remote="129199248000000000" />
<file name="Image1.jpg" server="mach-hosting.com" local="129179376000000000" remote="129179376000000000" />
<file name="news-icon[1].gif" server="mach-hosting.com" local="129179376000000000" remote="129179376000000000" />
<file name="news_banner1.jpg" server="mach-hosting.com" local="129179376000000000" remote="129179376000000000" />
<file name="Thumbs.db" server="mach-hosting.com" local="129195792000000000" remote="129195792000000000" />
<file name="update.gif" server="mach-hosting.com" local="129179376000000000" remote="129179376000000000" />
</dwsync>