<?xml version="1.0" encoding="utf-8" ?>
<dwsync>
<file name="DOMUtils.js" server="mach-hosting.com" local="129188016000000000" remote="129188016000000000" />
<file name="Element.js" server="mach-hosting.com" local="129188016000000000" remote="129188016000000000" />
<file name="EventUtils.js" server="mach-hosting.com" local="129188016000000000" remote="129188016000000000" />
<file name="Range.js" server="mach-hosting.com" local="129188016000000000" remote="129188016000000000" />
<file name="RangeUtils.js" server="mach-hosting.com" local="129188016000000000" remote="129188016000000000" />
<file name="Schema.js" server="mach-hosting.com" local="129188016000000000" remote="129188016000000000" />
<file name="ScriptLoader.js" server="mach-hosting.com" local="129188016000000000" remote="129188016000000000" />
<file name="Selection.js" server="mach-hosting.com" local="129188016000000000" remote="129188016000000000" />
<file name="Serializer.js" server="mach-hosting.com" local="129188016000000000" remote="129188016000000000" />
<file name="Sizzle.js" server="mach-hosting.com" local="129188016000000000" remote="129188016000000000" />
<file name="StringWriter.js" server="mach-hosting.com" local="129188016000000000" remote="129188016000000000" />
<file name="TreeWalker.js" server="mach-hosting.com" local="129188016000000000" remote="129188016000000000" />
<file name="TridentSelection.js" server="mach-hosting.com" local="129188016000000000" remote="129188016000000000" />
<file name="XMLWriter.js" server="mach-hosting.com" local="129188016000000000" remote="129188016000000000" />
</dwsync>