<?xml version="1.0" encoding="utf-8" ?>
<dwsync>
<file name="AddOnManager.js" server="mach-hosting.com" local="129188016000000000" remote="129188016000000000" />
<file name="CommandManager.js" server="mach-hosting.com" local="129188016000000000" remote="129188016000000000" />
<file name="ControlManager.js" server="mach-hosting.com" local="129188016000000000" remote="129188016000000000" />
<file name="Developer.js" server="mach-hosting.com" local="129188016000000000" remote="129188016000000000" />
<file name="Editor.js" server="mach-hosting.com" local="129188016000000000" remote="129188016000000000" />
<file name="EditorCommands.js" server="mach-hosting.com" local="129188016000000000" remote="129188016000000000" />
<file name="EditorManager.js" server="mach-hosting.com" local="129188016000000000" remote="129188016000000000" />
<file name="ForceBlocks.js" server="mach-hosting.com" local="129188016000000000" remote="129188016000000000" />
<file name="Formatter.js" server="mach-hosting.com" local="129188016000000000" remote="129188016000000000" />
<file name="LegacyInput.js" server="mach-hosting.com" local="129188016000000000" remote="129188016000000000" />
<file name="Popup.js" server="mach-hosting.com" local="129188016000000000" remote="129188016000000000" />
<file name="tinymce.js" server="mach-hosting.com" local="129188016000000000" remote="129188016000000000" />
<file name="UndoManager.js" server="mach-hosting.com" local="129188016000000000" remote="129188016000000000" />
<file name="WindowManager.js" server="mach-hosting.com" local="129188016000000000" remote="129188016000000000" />
</dwsync>